Rank,FeatureClass,FeatureName,Feature,DiscriminationScore,Corona1_ComparisonScore,Corona2_ComparisonScore,Corona3_ComparisonScore,Corona4_ComparisonScore,MeanComparisonScore,ComparisonTrend,MonotonicIncreaseRatio,MeanAbsCohensD,MeanFisherScore,MeanWassersteinDistance,MeanBhattacharyyaDistance,MeanKSStatistic,MeanHistogramOverlapCoefficient
1,firstorder,10Percentile,firstorder.10Percentile,0.7671191077441077,0.9362373737373737,0.9442340067340066,0.951388888888889,0.9610690235690235,0.9482323232323232,0.02483164983164976,1.0,2.6725584218650873,4.316862045550783,6089.959926899034,15.220102707825205,1.0,0.013080168776371309
2,firstorder,Minimum,firstorder.Minimum,0.7642781986531987,0.9324494949494949,0.9396043771043772,0.9526515151515151,0.9547558922558923,0.9448653198653199,0.022306397306397385,1.0,2.577713586777662,4.009100924617927,5684.409075189213,15.211053069356442,1.0,0.008636806231742941
3,firstorder,Median,firstorder.Median,0.7630366161616161,0.9170875420875421,0.946127946127946,0.9532828282828283,0.960858585858586,0.9443392255892256,0.043771043771043905,1.0,2.73886339839389,4.529362802945986,7042.129587411015,2.2486716241366613,0.9753207003668253,0.06623427672955975
4,firstorder,Energy,firstorder.Energy,0.7621212121212121,0.9238215488215488,0.9385521885521886,0.9469696969696971,0.9558080808080809,0.9412878787878789,0.03198653198653212,1.0,1.7518880290185872,1.881040037543116,845695015.7588706,0.9254274311721291,0.8570312911453645,0.15321868895176155
5,firstorder,TotalEnergy,firstorder.TotalEnergy,0.7621212121212121,0.9238215488215488,0.9385521885521886,0.9469696969696971,0.9558080808080809,0.9412878787878789,0.03198653198653212,1.0,1.7518880290185872,1.881040037543116,845695015.7588706,0.9254274311721291,0.8570312911453645,0.15321868895176155
6,firstorder,Mean,firstorder.Mean,0.7599010942760943,0.9154040404040406,0.9368686868686869,0.9473905723905723,0.95496632996633,0.9386574074074074,0.039562289562289465,1.0,2.7169431418319996,4.444211783679729,6787.8007446819565,2.0051259505650902,0.9489775970188556,0.09369574935851507
7,firstorder,RootMeanSquared,firstorder.RootMeanSquared,0.7543244949494949,0.9015151515151515,0.9292929292929294,0.9423400673400674,0.9494949494949495,0.9306607744107744,0.04797979797979801,1.0,2.637781574343446,4.161025245762271,6700.200733174739,1.6210275341282823,0.9107990161856295,0.11783338079403281
8,firstorder,90Percentile,firstorder.90Percentile,0.746233164983165,0.8863636363636364,0.9154040404040403,0.9292929292929294,0.9398148148148149,0.9177188552188552,0.05345117845117853,1.0,2.3919349504973546,3.332755530453696,7266.996831221213,0.9977520201793373,0.8237375607037656,0.1950644355544941
9,firstorder,Maximum,firstorder.Maximum,0.7382786195286195,0.8737373737373737,0.9044612794612794,0.9183501683501684,0.9271885521885522,0.9059343434343434,0.05345117845117853,1.0,2.2461965430375668,2.8903177000168148,7313.694574552759,0.8290480269606064,0.7845082344313595,0.26522667459719645
10,glrlm,LongRunHighGrayLevelEmphasis,glrlm.LongRunHighGrayLevelEmphasis,0.6820233585858586,0.7647306397306397,0.8017676767676768,0.8287037037037036,0.8642676767676766,0.8148674242424242,0.09953703703703687,1.0,1.1056809243489991,0.7430423996984707,54576.010889113706,0.3301475770372959,0.5491826502054589,0.4686976248216396
11,glcm,Autocorrelation,glcm.Autocorrelation,0.6814499158249158,0.7744107744107743,0.8118686868686869,0.8228114478114478,0.853114478114478,0.8155513468013468,0.07870370370370372,1.0,1.079294056939792,0.7113512304478666,53040.76564908093,0.36995258424799027,0.5598814094909151,0.4536505545246888
12,gldm,LargeDependenceHighGrayLevelEmphasis,gldm.LargeDependenceHighGrayLevelEmphasis,0.6796980218855218,0.7638888888888888,0.7984006734006733,0.8282828282828283,0.85753367003367,0.8120265151515151,0.09364478114478114,1.0,1.094277450725188,0.7286207128310095,57605.715195376775,0.3360340689734015,0.5491826502054589,0.4718320786867778
13,gldm,HighGrayLevelEmphasis,gldm.HighGrayLevelEmphasis,0.6796296296296296,0.7584175084175083,0.797979797979798,0.8272306397306397,0.8621632996632997,0.8114478114478114,0.10374579124579142,1.0,1.1035653885086338,0.7401087433367641,54087.97570850625,0.32961991761807996,0.5476103231614338,0.47390595815497294
14,glszm,LargeAreaHighGrayLevelEmphasis,glszm.LargeAreaHighGrayLevelEmphasis,0.6793034511784513,0.7634680134680135,0.8030303030303031,0.8265993265993266,0.8556397306397306,0.8121843434343434,0.09217171717171713,1.0,1.1036622431145509,0.740711505946644,56039.44422763937,0.33393426966175355,0.5491826502054589,0.46949349099471505
15,glrlm,HighGrayLevelRunEmphasis,glrlm.HighGrayLevelRunEmphasis,0.6785458754208754,0.757154882154882,0.7967171717171717,0.8255471380471381,0.8600589225589226,0.8098695286195285,0.10290404040404055,1.0,1.1029507880004796,0.739292820458789,54081.04253275366,0.3294609703818731,0.5476103231614338,0.47390595815497294
16,glrlm,ShortRunHighGrayLevelEmphasis,glrlm.ShortRunHighGrayLevelEmphasis,0.6763731060606061,0.7542087542087542,0.7920875420875421,0.8223905723905726,0.8566919191919192,0.806344696969697,0.10248316498316501,1.0,1.1020374597622433,0.7380508307963721,53957.30044366364,0.3289317779179211,0.5467345967065337,0.47469212167698555
17,glszm,HighGrayLevelZoneEmphasis,glszm.HighGrayLevelZoneEmphasis,0.675920664983165,0.7537878787878789,0.7908249158249158,0.8219696969696971,0.8558501683501684,0.805608164983165,0.10206228956228947,1.0,1.101028868931313,0.7367434167152237,54060.19470879256,0.3287611294850757,0.5460379961174087,0.47469212167698555
18,gldm,SmallDependenceHighGrayLevelEmphasis,gldm.SmallDependenceHighGrayLevelEmphasis,0.6755471380471381,0.7552609427609428,0.7838804713804715,0.8133417508417509,0.85753367003367,0.8025042087542088,0.10227272727272718,1.0,1.0950431510044778,0.7286222263914305,53208.436135933924,0.3295269656358656,0.5444656690733835,0.47155043771012845
19,glszm,SmallAreaHighGrayLevelEmphasis,glszm.SmallAreaHighGrayLevelEmphasis,0.6753472222222222,0.7506313131313131,0.7864057239057239,0.8158670033670035,0.8592171717171717,0.8030303030303031,0.10858585858585856,1.0,1.0968003616007493,0.731031332176187,53565.23425215778,0.327869428606674,0.5447408263060878,0.4731028618801786
20,glcm,SumAverage,glcm.SumAverage,0.6729955808080808,0.7624158249158249,0.8053451178451178,0.8089225589225589,0.8377525252525252,0.8036090067340067,0.07533670033670026,1.0,1.1873912654738947,0.8570798613016489,250.368770217939,0.444705795204307,0.5735990290459481,0.39727323737086095
21,glcm,JointAverage,glcm.JointAverage,0.6707018097643097,0.7594696969696969,0.80239898989899,0.8055555555555555,0.8335437710437711,0.8002420033670034,0.07407407407407418,1.0,1.187391265473895,0.8570798613016489,125.18438510896951,0.44470579520430686,0.5735990290459481,0.39727323737086095
22,glcm,ClusterShade,glcm.ClusterShade,0.5697916666666666,0.5681818181818181,0.6649831649831649,0.686026936026936,0.6931818181818182,0.6530934343434343,0.1250000000000001,1.0,0.39225051443937936,0.08727258496381682,361779.5599327757,0.2746622704646868,0.36877059947456414,0.562888132834843
23,firstorder,Variance,firstorder.Variance,0.5284090909090909,0.464436026936027,0.5296717171717172,0.6062710437710438,0.6862373737373737,0.5716540404040404,0.22180134680134672,1.0,0.4668429507723246,0.13234691483544025,1562895.622344407,0.09636117779151149,0.2838181749983159,0.7171678172058815
24,ngtdm,Complexity,ngtdm.Complexity,0.5248000841750842,0.4246632996632997,0.5416666666666666,0.6199494949494949,0.6986531986531985,0.571233164983165,0.27398989898989884,1.0,0.5159153844166464,0.16122700528447953,19979.631532336774,0.10463729364460131,0.3130238206781675,0.6962153154146228
25,firstorder,Range,firstorder.Range,0.5239583333333333,0.4537037037037037,0.5176767676767677,0.6026936026936027,0.6830808080808081,0.5642887205387206,0.22937710437710435,1.0,0.6524093713064434,0.24563063852848205,1630.2041375760614,0.09863178274088871,0.30505407075012403,0.7084394883736596
26,ngtdm,Contrast,ngtdm.Contrast,0.5197706228956228,0.4524410774410774,0.5029461279461279,0.6132154882154882,0.67003367003367,0.5596590909090908,0.21759259259259256,1.0,0.3207075499729768,0.06733922703340683,13957.003033067253,0.14833251613101522,0.31543731207094,0.6638640205030222
27,glcm,DifferenceAverage,glcm.DifferenceAverage,0.5153198653198653,0.37542087542087543,0.4646464646464647,0.6241582491582491,0.7243265993265994,0.5471380471380471,0.34890572390572394,1.0,0.6416642341390835,0.27985754694266507,23.278867903413392,0.12244675225809956,0.31174543994537424,0.6894871488673734
28,glcm,Idn,glcm.Idn,0.5146569865319865,0.21464646464646464,0.5791245791245792,0.7285353535353535,0.7937710437710438,0.5790193602693603,0.5791245791245792,1.0,0.9013591962229259,0.5809266089660653,0.036165752103712125,0.21105867020026656,0.39243007967273547,0.6030119861231039
29,glcm,Contrast,glcm.Contrast,0.5108480639730638,0.35016835016835013,0.48358585858585856,0.6275252525252526,0.7226430976430974,0.5459806397306397,0.3724747474747473,1.0,0.4876392806717596,0.16104187722923718,4730.593720540652,0.12016765394281473,0.29763064705774284,0.7028802597171955
30,glcm,DifferenceVariance,glcm.DifferenceVariance,0.5059764309764309,0.6085858585858586,0.5568181818181818,0.6014309764309764,0.6624579124579124,0.6073232323232323,0.05387205387205385,0.6666666666666666,0.5432664021546394,0.17308500125961604,703.2720827716065,0.160613301120195,0.3864611159082141,0.6239802303221815
31,glcm,Idmn,glcm.Idmn,0.5034827441077441,0.2537878787878788,0.569023569023569,0.6759259259259259,0.7382154882154883,0.5592382154882155,0.48442760942760954,1.0,0.6942164326565798,0.3201451175161766,0.013982723685221453,0.20250286613053675,0.39894220817793785,0.6046310810934945
32,glszm,GrayLevelVariance,glszm.GrayLevelVariance,0.5016940235690235,0.4059343434343434,0.4930555555555556,0.5694444444444445,0.6569865319865319,0.5313552188552189,0.25105218855218847,1.0,0.4675553750543494,0.13271835394234505,2501.5329485353705,0.09286390974524233,0.2849501968853533,0.7187431143710998
33,glrlm,GrayLevelVariance,glrlm.GrayLevelVariance,0.4995054713804714,0.40425084175084175,0.489057239057239,0.5686026936026937,0.6517255892255892,0.5284090909090909,0.24747474747474746,1.0,0.46694575800997806,0.1324130975522187,2498.528917772006,0.09181911847597637,0.28488246587422605,0.7203154414151249
34,gldm,GrayLevelVariance,gldm.GrayLevelVariance,0.49863741582491583,0.4031986531986533,0.48695286195286186,0.5669191919191919,0.650462962962963,0.5268834175084175,0.24726430976430974,1.0,0.4667326606467085,0.1323060765383095,2497.5256255412096,0.09166302891225973,0.28564872652226364,0.7211016049371375
35,firstorder,StandardDeviation,firstorder.StandardDeviation,0.4980587121212121,0.3609006734006734,0.49242424242424243,0.5864898989898991,0.6761363636363636,0.5289877946127947,0.31523569023569026,1.0,0.5896727858496683,0.2175514990197964,478.37029735946226,0.08746460955387529,0.2838181749983159,0.7184741729590368
36,ngtdm,Coarseness,ngtdm.Coarseness,0.4953808922558922,0.33670033670033667,0.36447811447811446,0.627104377104377,0.7100168350168349,0.5095749158249158,0.3733164983164982,1.0,0.6090135575468075,0.2500460134630668,0.017006298222852257,0.1557193986417165,0.34462460117702537,0.6310469409282701
37,glcm,SumSquares,glcm.SumSquares,0.49402356902356903,0.3602693602693603,0.48484848484848486,0.5845959595959596,0.6645622895622896,0.5235690235690236,0.3042929292929293,1.0,0.47258858046306895,0.14242957940599488,2176.588268505022,0.09618323621412103,0.2844094166620737,0.7237390610742653
38,firstorder,RobustMeanAbsoluteDeviation,firstorder.RobustMeanAbsoluteDeviation,0.48444865319865316,0.37794612794612786,0.41245791245791247,0.5534511784511784,0.6435185185185185,0.4968434343434343,0.2655723905723906,1.0,0.5205016330410382,0.17366253732871856,282.69943766778437,0.07822646609674377,0.2626294643677316,0.7480432527726235
39,firstorder,MeanAbsoluteDeviation,firstorder.MeanAbsoluteDeviation,0.47737794612794604,0.2992424242424242,0.433922558922559,0.5765993265993266,0.67003367003367,0.4949494949494949,0.3707912457912458,1.0,0.5508800549402483,0.2030359802538364,383.1733198390731,0.08375720961360653,0.2712635530916818,0.7591699850881544
40,firstorder,InterquartileRange,firstorder.InterquartileRange,0.47707281144781144,0.3531144781144781,0.4170875420875421,0.5265151515151515,0.6430976430976431,0.4849537037037037,0.28998316498316495,1.0,0.4447478344380068,0.13740283447673046,614.4519332150603,0.07547856062296478,0.24790192705749786,0.7425566313314105
41,glcm,ClusterProminence,glcm.ClusterProminence,0.47483164983164977,0.5660774410774411,0.5092592592592593,0.5572390572390572,0.609006734006734,0.5603956228956228,0.04292929292929293,0.6666666666666666,0.3116605886434437,0.05725664228071177,301619916.3261266,0.11978308541606277,0.29515467977806764,0.7145413956813825
42,glcm,ClusterTendency,glcm.ClusterTendency,0.4727062289562289,0.5416666666666666,0.4739057239057239,0.5526094276094277,0.6321548821548821,0.5500841750841751,0.0904882154882155,0.6666666666666666,0.4804214885576778,0.131591742528273,4856.468453163255,0.09066337176105743,0.2866502123483554,0.7222106466596854
43,glcm,Imc1,glcm.Imc1,0.4721170033670033,0.781986531986532,0.5202020202020202,0.27230639730639733,0.40446127946127947,0.49473905723905726,-0.37752525252525254,0.3333333333333333,0.4737586151163089,0.20021454325267407,0.021360896930163627,0.19092588326171517,0.3253644254499581,0.5964911080083041
44,firstorder,Skewness,firstorder.Skewness,0.4613215488215488,0.5033670033670034,0.5732323232323232,0.617003367003367,0.5774410774410775,0.5677609427609428,0.07407407407407418,0.6666666666666666,0.6761165471070013,0.2570642527720867,0.35577846399720886,0.1081881091791283,0.3320634457692614,0.6753408099244915
45,ngtdm,Strength,ngtdm.Strength,0.4565340909090908,0.569023569023569,0.44612794612794615,0.48947811447811446,0.5757575757575757,0.5200968013468013,0.006734006734006703,0.6666666666666666,0.5319453553428735,0.16416364358793872,115.59959842213654,0.07817118955507465,0.26793590355985863,0.7450648986790616
46,glcm,JointEntropy,glcm.JointEntropy,0.45593960437710435,0.8476430976430976,0.594486531986532,0.3930976430976431,0.2882996632996633,0.530881734006734,-0.5593434343434344,0.0,0.649781477869948,0.4160800446889057,0.3080173483491834,0.15806068883826382,0.35391615837788515,0.6183827383905005
47,glcm,SumEntropy,glcm.SumEntropy,0.45496632996633,0.8493265993265994,0.5963804713804715,0.38552188552188554,0.27146464646464646,0.5256734006734007,-0.5778619528619529,0.0,0.6390350748770188,0.4044170231793736,0.3088580530502374,0.15735756078432608,0.3573447116532858,0.6203145572682234
48,glrlm,RunLengthNonUniformity,glrlm.RunLengthNonUniformity,0.4542613636363636,0.8478535353535354,0.5755471380471381,0.3914141414141414,0.28535353535353536,0.5250420875420876,-0.5625,0.0,0.6791451824397012,0.45246159079778875,0.9173587034215337,0.1398869043093915,0.34778347816501626,0.6496463986515038
49,glszm,SizeZoneNonUniformity,glszm.SizeZoneNonUniformity,0.452667297979798,0.837121212121212,0.5561868686868686,0.3907828282828283,0.34490740740740744,0.5322495791245792,-0.4922138047138046,0.0,0.6644438514546936,0.39284961416710923,0.953930021285504,0.14262511092327615,0.3228620677248872,0.6583419451538033
50,glcm,DifferenceEntropy,glcm.DifferenceEntropy,0.4521832912457913,0.8394360269360271,0.5833333333333334,0.40488215488215484,0.2840909090909091,0.5279356060606061,-0.5553451178451181,0.0,0.6724530308268583,0.4157837941736927,0.31709566983458265,0.1392834597639628,0.3701183570330633,0.6328767307845407
51,glcm,Imc2,glcm.Imc2,0.44862163299663294,0.7432659932659932,0.4501262626262626,0.317550505050505,0.3354377104377104,0.4615951178451178,-0.40782828282828276,0.3333333333333333,0.51842734472235,0.16032855333999133,0.005177076262449317,0.1593803181383325,0.34185176722210997,0.666218365912807
52,glcm,Correlation,glcm.Correlation,0.4466435185185185,0.7668350168350169,0.4103535353535353,0.24410774410774413,0.2887205387205387,0.42750420875420875,-0.47811447811447816,0.3333333333333333,0.4477026343232904,0.2361471499618865,0.11943173132068463,0.09977647756946265,0.26001859770473934,0.7070608737055477
53,firstorder,Entropy,firstorder.Entropy,0.4460648148148148,0.8247053872053872,0.5515572390572391,0.38930976430976433,0.3333333333333333,0.524726430976431,-0.4913720538720539,0.0,0.6557808497646801,0.37758503693990264,0.19427995119021269,0.14208358818561911,0.33997465062801224,0.6407176708432082
54,gldm,DependenceEntropy,gldm.DependenceEntropy,0.44489162457912457,0.8242845117845118,0.5519781144781145,0.3897306397306397,0.31923400673400676,0.5213068181818182,-0.505050505050505,0.0,0.6543293611717429,0.37724989794624697,0.19369130001453658,0.14170957780092444,0.33920541985878144,0.6407176708432082
55,glrlm,RunEntropy,glrlm.RunEntropy,0.4434343434343435,0.826388888888889,0.5549242424242424,0.3865740740740741,0.2880892255892256,0.5139941077441078,-0.5382996632996633,0.0,0.6547697414720297,0.37843365230130444,0.19363866965367527,0.13592698790454305,0.33920541985878144,0.6533640182065367
56,gldm,DependenceNonUniformity,gldm.DependenceNonUniformity,0.4432186447811448,0.8179713804713805,0.5500841750841752,0.3811026936026936,0.3432239057239057,0.5230955387205387,-0.4747474747474748,0.0,0.6476456246993209,0.3762903805738204,0.9408662968061404,0.12449041904780414,0.3228620677248872,0.6727384402576962
57,glszm,ZoneEntropy,glszm.ZoneEntropy,0.4413720538720539,0.8280723905723907,0.5561868686868687,0.37647306397306396,0.2598905723905724,0.5051557239057239,-0.5681818181818183,0.0,0.6536928098436081,0.3812716719905662,0.1927263513976725,0.13064843378679053,0.3388909544499764,0.6545843858891686
58,glcm,JointEnergy,glcm.JointEnergy,0.4397148569023569,0.8249158249158249,0.5633417508417509,0.35816498316498313,0.2668350168350168,0.5033143939393939,-0.5580808080808082,0.0,0.5853076897975812,0.3050059526962481,0.03791124400731589,0.16561329649693984,0.35635538189022187,0.6130455951877912
59,glcm,MaximumProbability,glcm.MaximumProbability,0.435290404040404,0.8232323232323232,0.5319865319865319,0.35648148148148145,0.2504208754208755,0.490530303030303,-0.5728114478114477,0.0,0.5924015497184755,0.30034945401377927,0.0380217703312961,0.15516950234743174,0.33297815123734636,0.6315099085692589
60,glrlm,GrayLevelNonUniformityNormalized,glrlm.GrayLevelNonUniformityNormalized,0.4311342592592592,0.7994528619528619,0.5277777777777778,0.3667929292929293,0.32365319865319864,0.5044191919191919,-0.4757996632996633,0.0,0.6048768344043769,0.30239496732911086,0.019997878367133258,0.15451380582150273,0.33997465062801224,0.6333496115877594
61,firstorder,Uniformity,firstorder.Uniformity,0.42887205387205385,0.796506734006734,0.523989898989899,0.35500841750841755,0.32575757575757575,0.5003156565656566,-0.47074915824915825,0.0,0.6063565960541546,0.3010413196561572,0.020154452971154938,0.14958921245709608,0.33997465062801224,0.6380442172965161
62,glcm,Id,glcm.Id,0.4228956228956229,0.3863636363636364,0.28493265993266,0.5109427609427609,0.640993265993266,0.45580808080808083,0.2546296296296296,0.6666666666666666,0.4705812797784051,0.17805279092701448,0.020876550337955997,0.11387822521067117,0.2804903991597925,0.6978197128780781
63,glszm,GrayLevelNonUniformityNormalized,glszm.GrayLevelNonUniformityNormalized,0.422148569023569,0.8002946127946128,0.522516835016835,0.3360690235690236,0.23505892255892258,0.4734848484848485,-0.5652356902356902,0.0,0.5980792711344267,0.3055678391270691,0.019537251855225722,0.13486346983986508,0.3388909544499764,0.6526901145486946
64,ngtdm,Busyness,ngtdm.Busyness,0.4134364478114477,0.7971380471380471,0.4667508417508417,0.27777777777777773,0.2508417508417508,0.44812710437710435,-0.5462962962962963,0.0,0.49414393833853,0.23836305241448888,0.030475113742064863,0.1613299977099411,0.27154975641944235,0.6733640220340125
65,glszm,LargeAreaLowGrayLevelEmphasis,glszm.LargeAreaLowGrayLevelEmphasis,0.3780566077441077,0.351010101010101,0.4913720538720539,0.45622895622895626,0.46548821548821545,0.44102483164983164,0.11447811447811446,0.6666666666666666,0.14400894566249242,0.010516440169793301,0.012107503461052861,0.18537155646106254,0.47373185776487664,0.6209979033087762
66,glcm,Idm,glcm.Idm,0.37659932659932654,0.33585858585858586,0.1919191919191919,0.4128787878787879,0.5660774410774411,0.3766835016835017,0.2302188552188552,0.6666666666666666,0.3261889942973467,0.08246401399543454,0.010010918800316753,0.07235356056755413,0.2514989045764362,0.7511863911802711
67,glrlm,LongRunLowGrayLevelEmphasis,glrlm.LongRunLowGrayLevelEmphasis,0.36876052188552183,0.34743265993265987,0.46990740740740744,0.4292929292929293,0.4478114478114478,0.4236111111111111,0.10037878787878796,0.6666666666666666,0.11331519492073688,0.006752272189363674,0.006757384731475145,0.18422479450857612,0.47373185776487664,0.6195640084081988
68,gldm,LowGrayLevelEmphasis,gldm.LowGrayLevelEmphasis,0.36267361111111107,0.3543771043771044,0.44381313131313127,0.40277777777777785,0.4343434343434343,0.40882786195286197,0.07996632996632991,0.6666666666666666,0.08868225732326511,0.00437816695457595,0.0049681491346102,0.18439963774238743,0.47373185776487664,0.6182937227866473
69,glcm,InverseVariance,glcm.InverseVariance,0.36253156565656564,0.3143939393939394,0.21506734006734007,0.37457912457912457,0.5366161616161617,0.36016414141414144,0.22222222222222227,0.6666666666666666,0.19457855205936125,0.03590499207509618,0.00982973583463764,0.10356656286399891,0.26050985039162733,0.7324948290802422
70,glrlm,LowGrayLevelRunEmphasis,glrlm.LowGrayLevelRunEmphasis,0.36200021043771036,0.34995791245791247,0.43792087542087543,0.40677609427609424,0.436026936026936,0.40767045454545453,0.08606902356902352,0.6666666666666666,0.08200932100151277,0.0037808854328019517,0.004595193863799374,0.18964698052301052,0.47373185776487664,0.618220549104983
71,firstorder,Kurtosis,firstorder.Kurtosis,0.3616792929292929,0.5820707070707071,0.33291245791245794,0.19865319865319864,0.3257575757575758,0.35984848484848486,-0.25631313131313127,0.3333333333333333,0.30153964066905725,0.07799502961908897,0.17595915813678825,0.059077301551860584,0.1661333921233611,0.8211310803279994
72,glrlm,ShortRunLowGrayLevelEmphasis,glrlm.ShortRunLowGrayLevelEmphasis,0.355418771043771,0.3512205387205387,0.42908249158249157,0.3888888888888889,0.4183501683501684,0.3968855218855219,0.0671296296296297,0.6666666666666666,0.07043820279502686,0.0029174124833102853,0.004069350817655042,0.1851406126725389,0.47373185776487664,0.6203235365263667
73,glszm,LowGrayLevelZoneEmphasis,glszm.LowGrayLevelZoneEmphasis,0.3486321548821549,0.34827441077441074,0.4147727272727273,0.390993265993266,0.3994107744107744,0.3883627946127946,0.051136363636363646,0.6666666666666666,0.056647161085930944,0.0018396746168528257,0.0035634143130090132,0.18902186696591508,0.47373185776487664,0.616501296748789
74,gldm,SmallDependenceLowGrayLevelEmphasis,gldm.SmallDependenceLowGrayLevelEmphasis,0.34405513468013466,0.36026936026936024,0.3651094276094276,0.39225589225589225,0.3861531986531987,0.3759469696969697,0.025883838383838453,0.6666666666666666,0.03184514454471332,0.0006972176965714949,0.003050811886095613,0.1873262254036615,0.47373185776487664,0.6152870032701953
75,glszm,SmallAreaLowGrayLevelEmphasis,glszm.SmallAreaLowGrayLevelEmphasis,0.34269255050505043,0.3518518518518518,0.35774410774410775,0.398989898989899,0.38825757575757575,0.37421085858585856,0.03640572390572394,0.6666666666666666,0.03620635056970669,0.0009304925244145722,0.0027027162336846853,0.186879125163787,0.47373185776487664,0.6195128809869376
76,gldm,LargeDependenceLowGrayLevelEmphasis,gldm.LargeDependenceLowGrayLevelEmphasis,0.33445917508417505,0.3514309764309764,0.5140993265993266,0.4821127946127946,0.47516835016835013,0.4557028619528619,0.1237373737373737,0.3333333333333333,0.15661230132427284,0.012322304359434821,0.018274491044284677,0.18629856743899736,0.47373185776487664,0.6234169751612133
77,gldm,LargeDependenceEmphasis,gldm.LargeDependenceEmphasis,0.3036563552188552,0.28808922558922556,0.16393097643097643,0.23737373737373735,0.3954124579124579,0.2712015993265993,0.10732323232323232,0.6666666666666666,0.24128285331493957,0.041504007716341294,0.05700052258713742,0.02842445959273376,0.058732569675368815,0.9373067584036058
78,glszm,LargeAreaEmphasis,glszm.LargeAreaEmphasis,0.29809027777777775,0.28345959595959597,0.13552188552188552,0.24095117845117844,0.38573232323232326,0.2614162457912458,0.10227272727272729,0.6666666666666666,0.2397867256064053,0.0411028421152938,0.03612118257135947,0.027537414013560538,0.058732569675368815,0.9381028733626059
79,glrlm,GrayLevelNonUniformity,glrlm.GrayLevelNonUniformity,0.29686447811447814,0.25968013468013473,0.15025252525252528,0.21717171717171715,0.4031986531986533,0.2575757575757576,0.14351851851851855,0.6666666666666666,0.22203799752219003,0.033885252617132176,0.01957510224038317,0.031002356108898718,0.07722641585983478,0.9197853360217523
80,gldm,GrayLevelNonUniformity,gldm.GrayLevelNonUniformity,0.29630681818181814,0.27230639730639733,0.1266835016835017,0.20159932659932658,0.40151515151515155,0.2505260942760943,0.12920875420875422,0.6666666666666666,0.22973112640636,0.03725045659566631,0.02361860739250577,0.03102959797834642,0.07052445221166859,0.9241881005309474
81,gldm,DependenceNonUniformityNormalized,gldm.DependenceNonUniformityNormalized,0.29531776094276097,0.29124579124579125,0.1494107744107744,0.19760101010101008,0.3773148148148149,0.25389309764309764,0.08606902356902363,0.6666666666666666,0.22955109750988462,0.038267057243778754,0.02305687797503355,0.02756011969508055,0.05769090300870215,0.9391445400292725
82,glszm,SizeZoneNonUniformityNormalized,glszm.SizeZoneNonUniformityNormalized,0.2931765572390572,0.2756734006734007,0.14583333333333334,0.2154882154882155,0.3783670033670033,0.2538404882154882,0.10269360269360261,0.6666666666666666,0.23863879314034753,0.040885993034860596,0.017083029264153688,0.028933167278075572,0.058732569675368815,0.9375622615482598
83,gldm,SmallDependenceEmphasis,gldm.SmallDependenceEmphasis,0.29297138047138044,0.27146464646464646,0.1353114478114478,0.21506734006734007,0.38404882154882153,0.25147306397306396,0.11258417508417506,0.6666666666666666,0.24186886350446865,0.041749528913141334,0.01401271374270078,0.028424459592733847,0.058732569675368815,0.9373067584036057
84,glszm,ZonePercentage,glszm.ZonePercentage,0.283638468013468,0.25841750841750843,0.11531986531986532,0.20454545454545456,0.3691077441077441,0.2368476430976431,0.11069023569023567,0.6666666666666666,0.24172385805936963,0.04168999875996496,0.009428862026631162,0.02747602371383867,0.058732569675368815,0.9373067584036059
85,glrlm,LongRunEmphasis,glrlm.LongRunEmphasis,0.28253367003366997,0.2504208754208754,0.10374579124579125,0.21611952861952863,0.3716329966329966,0.23547979797979796,0.12121212121212122,0.6666666666666666,0.2428249854675864,0.0423885932363052,0.008741834104378326,0.026588978134665472,0.058732569675368815,0.9381028733626058
86,glszm,SmallAreaEmphasis,glszm.SmallAreaEmphasis,0.28251262626262624,0.25,0.11153198653198652,0.2154882154882155,0.36994949494949486,0.23674242424242423,0.11994949494949486,0.6666666666666666,0.24257694261579626,0.04228045943737469,0.008694520307064527,0.0274760237138387,0.058732569675368815,0.9373067584036058
87,gldm,DependenceVariance,gldm.DependenceVariance,0.2807607323232323,0.2718855218855219,0.1334175084175084,0.18329124579124578,0.34848484848484845,0.23426978114478114,0.07659932659932656,0.6666666666666666,0.22855933818958554,0.03787275363092803,0.011891686850764645,0.023427710799625072,0.05769090300870215,0.9391445400292726
88,glszm,ZoneVariance,glszm.ZoneVariance,0.277477904040404,0.25925925925925924,0.1212121212121212,0.19886363636363635,0.34595959595959597,0.2313236531986532,0.08670033670033672,0.6666666666666666,0.23003202282640417,0.03740268219204937,0.009256781508058011,0.026863155596084865,0.058732569675368815,0.93756226154826
89,glrlm,RunLengthNonUniformityNormalized,glrlm.RunLengthNonUniformityNormalized,0.2729955808080808,0.24242424242424243,0.11595117845117846,0.18097643097643099,0.34974747474747475,0.22227483164983164,0.10732323232323232,0.6666666666666666,0.2388175215312734,0.040968458282876055,0.004378929302781838,0.02809205646987803,0.058732569675368815,0.9375622615482598
90,glrlm,RunPercentage,glrlm.RunPercentage,0.26739267676767675,0.23274410774410773,0.10311447811447812,0.17592592592592593,0.3421717171717171,0.21348905723905723,0.1094276094276094,0.6666666666666666,0.24172385805936597,0.041689998322795685,0.002357215506657791,0.02747602371383867,0.058732569675368815,0.9373067584036059
91,glrlm,ShortRunEmphasis,glrlm.ShortRunEmphasis,0.26675610269360267,0.2285353535353535,0.09785353535353536,0.1822390572390572,0.343013468013468,0.2129103535353535,0.11447811447811448,0.6666666666666666,0.24282498546757955,0.042388592645415814,0.0021854585260945815,0.026813402854977443,0.058732569675368815,0.9373067584036058
92,glrlm,RunVariance,glrlm.RunVariance,0.2663247053872054,0.23442760942760943,0.10984848484848485,0.171506734006734,0.3362794612794613,0.2130155723905724,0.10185185185185186,0.6666666666666666,0.23881752153127556,0.04096845791512578,0.002189464651390919,0.028092056469877946,0.058732569675368815,0.93756226154826
93,glszm,GrayLevelNonUniformity,glszm.GrayLevelNonUniformity,0.2076178451178451,0.11447811447811447,0.15656565656565657,0.08922558922558922,0.23063973063973062,0.1477272727272727,0.11616161616161615,0.6666666666666666,0.11361609596806567,0.008651912958050147,0.007839316704688692,0.012845588088828946,0.02629921368337896,0.9648007033369465
94,glcm,Dissimilarity,glcm.Dissimilarity,0.020517676767676768,0.03156565656565657,0.03156565656565657,0.03156565656565657,0.03156565656565657,0.03156565656565657,0.0,0.0,0.0,0.0,0.0,0.0,0.0,1.0
95,glcm,Homogeneity1,glcm.Homogeneity1,0.020517676767676768,0.03156565656565657,0.03156565656565657,0.03156565656565657,0.03156565656565657,0.03156565656565657,0.0,0.0,0.0,0.0,0.0,0.0,0.0,1.0
96,glcm,Homogeneity2,glcm.Homogeneity2,0.020517676767676768,0.03156565656565657,0.03156565656565657,0.03156565656565657,0.03156565656565657,0.03156565656565657,0.0,0.0,0.0,0.0,0.0,0.0,0.0,1.0
97,glcm,SumVariance,glcm.SumVariance,0.020517676767676768,0.03156565656565657,0.03156565656565657,0.03156565656565657,0.03156565656565657,0.03156565656565657,0.0,0.0,0.0,0.0,0.0,0.0,0.0,1.0
98,gldm,DependencePercentage,gldm.DependencePercentage,0.020517676767676768,0.03156565656565657,0.03156565656565657,0.03156565656565657,0.03156565656565657,0.03156565656565657,0.0,0.0,0.0,0.0,0.0,0.0,0.0,1.0
99,gldm,GrayLevelNonUniformityNormalized,gldm.GrayLevelNonUniformityNormalized,0.020517676767676768,0.03156565656565657,0.03156565656565657,0.03156565656565657,0.03156565656565657,0.03156565656565657,0.0,0.0,0.0,0.0,0.0,0.0,0.0,1.0
